id,name,group,status,Grok,Cody,Mary,Ruby,Marsha,Z3,Manus,minimum,maximum,disputed_bars,zero_bars_by_reviewer,unknown_bars_by_reviewer,bar4_below2_reviewers
01,Shovel Your Biz-Shit,Products,core candidate,16,16,15,17,17,16,15,15,17,"1,4,5,9,10",,,"Grok,Cody,Ruby,Marsha,Z3,Manus"
02,Shovel member-action unit,Products,exploration,16,16,15,16,16,16,16,15,16,"1,4,10",,,"Grok,Cody,Ruby,Marsha,Z3,Manus"
03,Door Opener,Products,hopper,16,16,14,16,16,16,16,14,16,"3,5,9,10",,,
04,Save Kit,Products,hopper,14,14,12,14,14,14,13,12,14,"1,3,5",,,
05,Cash This Week,Products,hopper,15,15,14,14,15,15,14,14,15,"1,3,5,9,10",,,
06,Platform Weather,Products,hopper,17,17,18,17,17,18,17,17,18,"1,2,6",,,
07,Rural property buyer system,Products,hopper,14,14,14,14,14,15,14,14,15,"2,3,5,7,9",,,
08,Business-sale digital-readiness system,Products,hopper,16,16,14,14,16,15,15,14,16,"3,5,7,9,10",,,
09,Member Wake-Up Campaign (4-week),Products,hopper,16,16,13,17,16,16,15,13,17,"3,5,9,10",,,
10,Gemini C: Board of Directors report,Products,hopper,12,12,11,11,12,13,11,11,13,"1,3,7",,,
11,New Coat local-business refresh kits,Products,hopper,16,16,14,18,17,16,17,14,18,"1,3,9,10",,,
12,Member Night in a Box,Products,hopper,16,16,14,17,18,16,16,14,18,"1,3,9,10",,,
13,Seasonal harvest campaigns (agency),Products,hopper,17,17,15,17,17,17,18,15,18,"3,6,10",,,
14,One-job local marketing tools,Products,hopper,17,17,14,17,18,17,16,14,18,"1,3,5,10",,,
15,No Lead Left Behind: GHL Agency Kit,Products,archive / dead-but-ingredient,15,15,11,11,15,15,11,11,15,"2,3,6,7,8,10","Mary:6,Ruby:6; Manus:7; Mary:8,Ruby:8",,
16,Field Notes / Practitioner Briefing,Products,archive / dead-but-ingredient,12,12,11,10,14,12,13,10,14,"2,5,7,10","Grok:4,Cody:4,Mary:4,Ruby:4,Marsha:4,Z3:4,Manus:4; Mary:7,Ruby:7",,"Grok,Cody,Mary,Ruby,Marsha,Z3,Manus"
17,Client Retention Engine,Products,dead-but-ingredient,11,11,9,11,12,11,12,9,12,"4,6,7","Grok:6,Cody:6,Mary:6,Ruby:6,Z3:6; Mary:7",,Mary
18,Award-Submission Factory,Products,dead-but-ingredient,10,10,10,10,10,10,9,9,10,"2,4","Grok:6,Cody:6,Mary:6,Ruby:6,Marsha:6,Z3:6,Manus:6",,"Mary,Manus"
19,Wholesale Shelf (generic kits),Products,dead-but-ingredient,14,14,14,14,15,14,14,14,15,"1,6","Grok:6,Cody:6,Mary:6,Ruby:6,Z3:6",,
20,Recurring Customer-Value Kits (weekly OS),Products,exploration,17,17,16,17,17,17,17,16,17,"4,9,10",,,"Grok,Cody,Ruby,Marsha,Z3,Manus"
21,Shovel themed-day engagement kit,Ingredients & add-ons,exploration,17,17,15,16,17,17,14,14,17,"1,2,3,4,8,9,10",,,"Grok,Cody,Ruby,Marsha,Z3,Manus"
22,Think and Grow Rich (benchmark report),Ingredients & add-ons,hopper,15,15,11,13,16,15,,11,16,"1,4,5,8,10",,Manus:8,Mary
23,Sponsor layer on weekly item,Ingredients & add-ons,hopper,12,12,11,10,14,12,10,10,14,"1,3,5,10",,,"Grok,Cody,Mary,Ruby,Marsha,Z3,Manus"
24,Weekly retention drop / seasonal agency campaigns,Ingredients & add-ons,hopper,17,17,13,16,17,17,16,13,17,"1,3,8,10",,,
25,Client Action Layer,Ingredients & add-ons,hopper,15,15,10,14,15,15,14,10,15,"1,3,4,5,7",,,Mary
26,Gemini A: AI mentors in community,Ingredients & add-ons,hopper,10,10,11,10,10,10,10,10,11,2,"Grok:4,Cody:4,Mary:4,Ruby:4,Marsha:4,Z3:4,Manus:4",,"Grok,Cody,Mary,Ruby,Marsha,Z3,Manus"
27,Gemini B: Shovel-Proof Gate funnel,Ingredients & add-ons,hopper,8,8,9,9,8,8,8,8,9,2,"Grok:2,Cody:2,Marsha:2,Z3:2,Manus:2; Grok:4,Cody:4,Mary:4,Ruby:4,Marsha:4,Z3:4,Manus:4",,"Grok,Cody,Mary,Ruby,Marsha,Z3,Manus"
28,Local Presence Score / certificate,Ingredients & add-ons,hopper,14,14,14,14,14,14,12,12,14,"3,5,10",,,
29,Peer-circle operating system,Ingredients & add-ons,hopper,16,16,15,16,16,16,16,15,16,"3,6,10",,,
30,Shovel + Think and Grow Rich stickiness,Ingredients & add-ons,exploration,15,15,13,14,15,15,14,13,15,"1,4,5,8,10",,,"Grok,Cody,Ruby,Marsha,Z3,Manus"
31,Shovel + Sponsor layer,Ingredients & add-ons,exploration,12,12,11,10,13,12,12,10,13,"1,3,7,10",,,"Grok,Cody,Mary,Ruby,Marsha,Z3,Manus"
32,Door Opener + niche evidence pack,Ingredients & add-ons,exploration,14,14,14,14,14,14,15,14,15,"2,3,5,7,9,10",,,
33,Mary's one-job shelf,Structures,hopper,17,17,18,17,18,17,16,16,18,"1,6,10",,,
34,"Agency ""No"" Store",Structures,hopper,16,16,12,16,17,17,13,12,17,"1,3,4,5,10",,,Mary
35,Product factory / contributor syndicate,Structures,hopper,12,12,11,12,14,12,12,11,14,"1,3,5",,,"Grok,Cody,Mary,Ruby,Marsha,Z3,Manus"
36,Community Without the Host,Structures,archive,10,10,11,10,11,10,11,10,11,"2,4","Grok:4,Cody:4,Mary:4,Ruby:4,Z3:4",,"Grok,Cody,Mary,Ruby,Marsha,Z3,Manus"
37,Product Ingredient Company (B2B2C layer),Structures,exploration,15,15,11,14,15,15,15,11,15,"3,4,5,7",,,Mary
38,Micro-brand factory,Structures,exploration,13,13,11,11,13,13,14,11,14,"5,7,9",,,"Grok,Cody,Mary,Ruby,Marsha,Z3,Manus"
39,Collective Purchasing Engine,Structures,exploration,15,15,14,15,15,15,14,14,15,"5,6",,,"Grok,Cody,Mary,Ruby,Marsha,Z3,Manus"
40,Benefits Factory,Structures,exploration,15,15,14,14,14,15,,14,15,"3,5,6,10",,Manus:6,
41,Micro-product Holding Company,Structures,exploration,13,13,12,13,13,13,14,12,14,"2,3,5",,,"Grok,Cody,Mary,Ruby,Marsha,Z3,Manus"
